{
  "success": true,
  "timestamp": "2025-11-20T00:23:05.741486511+08:00",
  "commit_id": "9cb2f1945d50c010198c910a0ac8e4ce6ff6b281",
  "request": {
    "apiList": null,
    "appId": "app-7o18vjhtjkld",
    "commitId": "9cb2f1945d50c010198c910a0ac8e4ce6ff6b281",
    "conversationId": "conv-7o18vjhtjklc",
    "description": "Add API key management, model discovery, and team assignment features with validation",
    "sourceCodeZipName": "app-7o18vjhtjkld",
    "sourcecodeUrl": "https://op-sourcecode.cdn.bcebos.com/source_code/projects/app-7o18vjhtjkld-9cb2f1945d50c010198c910a0ac8e4ce6ff6b281.zip",
    "userId": "user-2ydcwbo30lj4"
  },
  "response": {
    "content": [
      {
        "type": "text",
        "text": "{\"versionDesc\":\"Add API key management, model discovery, and team assignment features with validation\",\"versionId\":\"app_version-7o2y6bm9cdfk\",\"versionLabel\":\"v3\"}"
      }
    ]
  }
}