{
  "success": true,
  "timestamp": "2025-11-19T23:33:09.524097001+08:00",
  "commit_id": "713273a990d9ab2ad03c886994b9ba6176ef0bf1",
  "request": {
    "apiList": null,
    "appId": "app-7o18vjhtjkld",
    "commitId": "713273a990d9ab2ad03c886994b9ba6176ef0bf1",
    "conversationId": "conv-7o18vjhtjklc",
    "description": "Improve provider editing UX with modal dialog instead of inline form",
    "sourceCodeZipName": "app-7o18vjhtjkld",
    "sourcecodeUrl": "https://op-sourcecode.cdn.bcebos.com/source_code/projects/app-7o18vjhtjkld-713273a990d9ab2ad03c886994b9ba6176ef0bf1.zip",
    "userId": "user-2ydcwbo30lj4"
  },
  "response": {
    "content": [
      {
        "type": "text",
        "text": "{\"versionDesc\":\"Improve provider editing UX with modal dialog instead of inline form\",\"versionId\":\"app_version-7o1xooth6tj4\",\"versionLabel\":\"v2\"}"
      }
    ]
  }
}