{
  "success": true,
  "timestamp": "2025-11-20T01:06:52.961562022+08:00",
  "commit_id": "c9ea6352fd9e6f0a4a1969afb264dd645c46e0da",
  "request": {
    "apiList": null,
    "appId": "app-7o18vjhtjkld",
    "commitId": "c9ea6352fd9e6f0a4a1969afb264dd645c46e0da",
    "conversationId": "conv-7o18vjhtjklc",
    "description": "Add team assignment feature with responsive layout and complete deployment documentation",
    "sourceCodeZipName": "app-7o18vjhtjkld",
    "sourcecodeUrl": "https://op-sourcecode.cdn.bcebos.com/source_code/projects/app-7o18vjhtjkld-c9ea6352fd9e6f0a4a1969afb264dd645c46e0da.zip",
    "userId": "user-2ydcwbo30lj4"
  },
  "response": {
    "content": [
      {
        "type": "text",
        "text": "{\"versionDesc\":\"Add team assignment feature with responsive layout and complete deployment documentation\",\"versionId\":\"app_version-7o3u65vsi1hc\",\"versionLabel\":\"v4\"}"
      }
    ]
  }
}