{
  "success": true,
  "timestamp": "2025-11-19T23:27:10.335171686+08:00",
  "commit_id": "24ce1b64b8853e4edbc94f1cc460eee5d6bf78ac",
  "request": {
    "apiList": null,
    "appId": "app-7o18vjhtjkld",
    "commitId": "24ce1b64b8853e4edbc94f1cc460eee5d6bf78ac",
    "conversationId": "conv-7o18vjhtjklc",
    "description": "Implement GauntletFuse multi-agent creative exploration platform with Red-Blue-Purple cycle",
    "sourceCodeZipName": "app-7o18vjhtjkld",
    "sourcecodeUrl": "https://op-sourcecode.cdn.bcebos.com/source_code/projects/app-7o18vjhtjkld-24ce1b64b8853e4edbc94f1cc460eee5d6bf78ac.zip",
    "userId": "user-2ydcwbo30lj4"
  },
  "response": {
    "content": [
      {
        "type": "text",
        "text": "{\"versionDesc\":\"Implement GauntletFuse multi-agent creative exploration platform with Red-Blue-Purple cycle\",\"versionId\":\"app_version-7o1tba4puups\",\"versionLabel\":\"v1\"}"
      }
    ]
  }
}